Bytes,3900,3904,3908,3912,3916,3920,3924,3928,3932,3936,3940,3944,3948,3952,3956,3960,3964,3968,3972,3976,3980,3984,3988,3992,3996,4000,4004,4008,4012,4016,4020,4024,4028,4032,4036,4040,4044,4048,4052,4056,4060,4064,4068,4072,4076,4080,4084,4088,4092,4096,4100,4104,4108,4112,4116,4120,4124,4128,4132,4136,4140,4144,4148,4152,4156,4160,4164,4168,4172,4176,4180,4184,4188,4192,4196,4200,4204,4208,4212,4216,4220,4224,4228,4232,4236,4240,4244,4248,4252,4256,4260,4264,4268,4272,4276,4280
CUDA - mean,2.13157,1.79451,1.80472,1.80492,1.81418,1.78744,1.8094,1.80134,1.80501,1.80485,1.82237,1.80037,1.8088,1.8088,1.80103,1.82013,1.80948,1.80557,1.80953,1.8076,1.80994,1.81573,1.82449,1.79736,1.81564,1.81848,1.81723,1.83103,1.82405,1.79469,1.83641,1.81167,1.82412,1.80773,1.80799,1.83301,1.8269,1.83864,1.83502,1.81636,1.83444,1.81715,1.82108,1.82685,1.83082,1.79513,1.82024,1.80191,1.81107,1.7819,1.81034,1.82208,1.80723,1.81333,1.81287,1.82037,1.80891,1.81364,1.81021,1.81466,1.80642,1.80602,1.82354,1.82219,1.8087,1.80311,1.80744,1.81593,1.80131,1.82853,1.80736,1.82175,1.83461,1.81773,1.82756,1.78222,1.81253,1.80806,1.83737,1.80061,1.81859,1.81926,1.83715,1.84368,1.81691,1.82975,1.811,1.80314,1.82361,1.83135,1.81867,1.78976,1.8433,1.82371,1.83409,1.81139
CUDA - std_dev,0.654531,0.570901,0.582035,0.592436,0.606053,0.59366,0.577164,0.586798,0.598614,0.595346,0.590505,0.566514,0.596024,0.588357,0.568728,0.604443,0.594929,0.585593,0.580566,0.590484,0.590302,0.587626,0.579372,0.59494,0.579127,0.561145,0.604241,0.562788,0.570626,0.592768,0.583385,0.594025,0.590523,0.581101,0.580932,0.586866,0.591138,0.581214,0.605162,0.596082,0.586061,0.585681,0.580757,0.568889,0.583028,0.587971,0.574308,0.588437,0.562658,0.602601,0.586886,0.585449,0.584021,0.575841,0.586445,0.59652,0.591081,0.582229,0.562387,0.58348,0.609407,0.591441,0.580868,0.607666,0.58777,0.588916,0.595383,0.583689,0.582921,0.588542,0.588983,0.592069,0.561945,0.584761,0.563709,0.568853,0.590898,0.582287,0.5644,0.58886,0.594204,0.596306,0.582404,0.58758,0.589613,0.579881,0.585033,0.585131,0.595343,0.590373,0.563793,0.561653,0.593305,0.587767,0.578886,0.584578
CUDA - min,1.45696,1.50518,1.5505,1.57709,1.52368,1.52115,1.55021,1.47283,1.5295,1.50653,1.59827,1.48269,1.54682,1.52909,1.51965,1.58688,1.52147,1.56986,1.5295,1.5384,1.49421,1.56346,1.50176,1.51078,1.55971,1.55254,1.54531,1.47987,1.5367,1.54522,1.55917,1.52829,1.55206,1.51046,1.51824,1.58666,1.53632,1.54538,1.54678,1.54842,1.58726,1.51402,1.53373,1.55331,1.55478,1.55322,1.56061,1.56243,1.5801,1.53904,1.55376,1.55491,1.53514,1.5448,1.53075,1.54698,1.45734,1.53437,1.53757,1.51824,1.53706,1.50806,1.57952,1.53152,1.48963,1.52301,1.5439,1.56378,1.5609,1.56221,1.54774,1.48275,1.6113,1.52579,1.5904,1.49053,1.49024,1.56438,1.58598,1.5368,1.5392,1.53254,1.50624,1.58774,1.5057,1.53286,1.5471,1.5439,1.57501,1.53453,1.51635,1.56691,1.57696,1.51446,1.56672,1.53226
CUDA - max,6.2681,5.74918,5.84813,5.93136,6.03373,5.90144,5.81987,5.87853,5.95955,5.93914,5.94461,5.72979,5.96134,5.90333,5.75283,6.03664,5.94704,5.88496,5.85046,5.90397,5.91766,5.90723,5.8447,5.9241,5.84362,5.71558,6.01386,5.74659,5.7959,5.90698,5.89888,5.92918,5.9336,5.8337,5.83904,5.92307,5.94522,5.89232,6.0496,5.96365,5.91437,5.89213,5.86102,5.78784,5.89424,5.87958,5.81139,5.89075,5.72016,5.95994,5.8889,5.8936,5.86291,5.81174,5.89792,5.97011,5.90973,5.85917,5.71718,5.87379,6.03792,5.91901,5.86851,6.04496,5.88125,5.89299,5.94077,5.87018,5.85146,5.93091,5.90656,5.93504,5.75085,5.88253,5.75504,5.71578,5.91789,5.86144,5.7775,5.88611,5.95024,5.9624,5.89619,5.94525,5.9089,5.8607,5.88179,5.86454,5.96826,5.94,5.73654,5.68845,5.98371,5.90579,5.86397,5.87706
CUDA - median,2.24275,1.7489,1.75446,1.73318,1.75184,1.74419,1.74925,1.75338,1.75533,1.75062,1.74829,1.7543,1.73882,1.75248,1.74394,1.74326,1.7465,1.74176,1.75062,1.75894,1.74262,1.75315,1.7687,1.75309,1.75728,1.7656,1.75597,1.7697,1.76205,1.74106,1.77162,1.76195,1.75571,1.75997,1.76061,1.77104,1.74845,1.7705,1.76701,1.75312,1.77456,1.75722,1.76547,1.76038,1.76666,1.7375,1.76493,1.74925,1.7599,1.73779,1.75677,1.76698,1.75018,1.76291,1.7521,1.76442,1.75878,1.76074,1.76758,1.74867,1.74966,1.74986,1.75984,1.76419,1.77158,1.74845,1.75424,1.76074,1.74707,1.76122,1.74598,1.76198,1.77309,1.764,1.76339,1.7449,1.75434,1.74688,1.76426,1.75894,1.75514,1.76262,1.76102,1.76403,1.75715,1.76499,1.74362,1.75347,1.75757,1.76966,1.76474,1.74518,1.76768,1.76688,1.76944,1.74518
RegEff-C - mean,111.129,126.495,111.537,111.894,111.867,125.594,127.806,112.458,112.485,127.056,127.814,111.122,111.639,125.534,127.228,126.14,125.655,112.186,128.164,111.173,127.322,127.025,114.416,112.653,110.41,111.112,112.556,126.054,124.783,111.107,127.674,126.018,127.104,128.307,113.734,112.574,140.999,126.798,127.785,112.617,128.687,112.682,111.212,112.809,126.629,112.127,112.233,109.859,157.048,173.14,171.339,171.387,155.924,156.202,158.578,155.455,173.196,155.573,157.98,171.012,155.801,156.6,172.201,154.072,156.608,174.033,141.592,156.023,156.52,157.655,173.01,156.06,156.174,156.148,170.158,155.082,157.549,172.854,155.834,157.422,172.629,157.301,157.203,155.556,171.032,142.18,156.136,155.14,169.673,172.98,172.348,158.054,156.423,155.734,142.345,155.755
RegEff-C - std_dev,252.227,268.491,253.205,254.157,253.999,266.043,271.071,255.262,255.317,269.493,271.224,251.983,254.454,267.21,271.008,268.573,266.886,255.317,272.723,252.8,270.606,270.005,260.96,256.628,250.762,252.549,255.961,267.576,265.538,253.49,272.249,268.605,270.325,272.654,258.895,256.105,280.958,268.929,271.545,255.907,273.721,256.288,252.384,256.578,270.429,256.107,256.702,250.615,296.026,308.785,305.542,305.729,292.954,293.898,298.79,292.395,308.766,292.528,297.445,304.478,293.911,295.477,307.72,290.482,294.534,310.273,282.4,293.475,294.571,297.009,308.418,293.777,293.394,293.443,302.705,291.357,297.331,308.865,293.808,297.021,307.373,295.917,295.663,292.464,304.418,283.413,293.633,291.609,301.627,307.959,306.736,297.265,295.235,293.83,284.947,293.873
RegEff-C - min,6.01514,5.72435,5.21322,5.51453,5.03482,5.52118,6.03597,5.86387,5.57034,5.40019,5.65709,5.0608,5.80909,5.05834,5.64563,5.26682,5.86163,5.50378,5.2313,5.65392,5.83136,5.78429,5.50256,5.44678,4.98048,5.12736,5.41958,4.9568,5.25133,4.72931,5.57565,5.73683,5.53139,5.02755,5.78573,5.46381,4.99587,5.25594,5.71718,5.64262,4.87962,5.43674,5.84362,5.17373,5.32266,5.57328,5.59206,5.37843,5.07594,5.79478,5.4105,4.9615,5.88349,5.55709,5.8305,5.5488,5.40736,5.24243,4.98733,5.64931,5.06426,5.73622,5.66938,5.65878,5.23747,6.05085,5.44563,5.77539,5.8616,5.57709,5.54048,5.55974,5.46134,5.82342,5.07414,5.54864,5.19267,5.25994,5.60259,5.38256,6.14294,5.22493,5.88643,5.89216,5.75789,5.46877,5.30963,5.39334,5.89789,5.37226,5.79094,5.78003,5.25488,5.73219,5.44496,5.30211
RegEff-C - max,760.08,760.262,750.891,755.246,780.8,768.263,765.972,764.875,762.413,781.226,780.877,761.729,762.05,758.256,780.913,784.783,781.55,786.542,788.808,765.302,780.934,760.188,789.045,780.588,758.123,758.565,781.34,755.105,753.397,765.981,781.366,784.877,780.835,781.016,780.943,783.352,780.486,780.99,785.136,784.423,781.189,780.701,785.117,765.098,789.008,756.205,783.8,747.23,767.985,787.704,784.756,784.812,761.894,783.204,791.591,767.489,791.303,767.667,787.202,768.365,786.702,783.348,785.951,757.352,768.44,783.203,762.267,767.937,767.214,793.32,768.658,791.076,767.504,765.075,768.697,762.891,791.518,785.222,768.182,786.814,785.676,783.727,784.027,762.095,786.624,763.279,783.765,758.778,752.463,787.293,783.211,785.562,782.711,767.055,766.081,760.284
RegEff-C - median,9.6328,9.62989,9.6545,9.65782,9.68445,9.71357,9.74771,9.71731,9.67267,9.70208,9.7056,9.6921,9.13408,9.14624,9.13398,9.14176,9.48678,9.42368,9.40506,9.49485,9.6169,9.60653,9.54509,9.40934,9.65386,9.59654,9.63958,9.64323,9.12006,9.14643,9.13917,9.12294,9.61706,9.64333,9.57619,9.66288,9.73398,9.68726,9.71994,9.6856,9.70224,9.6569,9.70064,9.65402,9.11939,9.12147,9.09824,9.11459,9.52976,9.59926,9.55776,9.52912,9.69002,9.64858,9.65075,9.67901,9.66438,9.67952,9.6777,9.67805,9.19139,9.19158,9.19747,9.16058,9.6961,9.6729,9.69667,9.6848,9.66544,9.62819,9.69277,9.63034,9.69894,9.71232,9.71085,9.7112,9.16342,9.1664,9.15219,9.16499,9.64883,9.6504,9.67344,9.65814,9.67542,9.67808,9.65222,9.6472,9.69523,9.71818,9.70736,9.69462,9.12042,9.0929,9.12339,9.1481
Halloc - mean,1.71568,1.71614,1.70768,1.71198,1.71958,1.72338,1.72208,1.72388,1.71115,1.70596,1.72206,1.7194,1.71069,1.71378,1.72055,1.70985,1.73084,1.6986,1.73065,1.72003,1.71768,1.70941,1.70849,1.73008,1.70418,1.71991,1.69732,1.72096,1.7185,1.70551,1.71238,1.7076,1.70907,1.71025,1.6994,1.7169,1.70736,1.71821,1.72117,1.71404,1.71585,1.69995,1.71797,1.73067,1.70517,1.71268,1.71705,1.71739,1.71366,1.71512,1.71361,1.72207,1.72036,1.72932,1.71483,1.70982,1.73123,1.71687,1.72425,1.70602,1.71181,1.70786,1.71948,1.70321,1.72301,1.71502,1.71834,1.72668,1.6951,1.73293,1.72428,1.70985,1.7109,1.71827,1.71986,1.73183,1.71153,1.70532,1.70561,1.71454,1.71195,1.70887,1.71033,1.70775,1.72964,1.71323,1.71049,1.71219,1.69705,1.71671,1.72941,1.72986,1.71165,1.69868,1.72599,1.70914
Halloc - std_dev,0.183147,0.184178,0.153758,0.178291,0.198379,0.191461,0.189313,0.195538,0.18202,0.159082,0.16967,0.171037,0.173386,0.15888,0.190729,0.174748,0.181087,0.169857,0.16036,0.161777,0.177106,0.178995,0.17338,0.180369,0.180058,0.14876,0.191353,0.187697,0.183737,0.177229,0.189305,0.166975,0.165124,0.184862,0.17645,0.177243,0.180758,0.171743,0.187944,0.165995,0.184062,0.192606,0.169415,0.170995,0.185658,0.188021,0.181019,0.163922,0.185507,0.185401,0.197234,0.151786,0.163935,0.178516,0.162052,0.182415,0.180333,0.181876,0.173179,0.159949,0.179234,0.178431,0.184688,0.18385,0.215977,0.167575,0.170797,0.167938,0.186675,0.170391,0.150578,0.173296,0.178162,0.186419,0.181928,0.175331,0.179829,0.187191,0.176692,0.184013,0.177137,0.179916,0.149726,0.181283,0.176609,0.171072,0.186235,0.184912,0.185913,0.188433,0.184313,0.172794,0.167525,0.178067,0.194923,0.160803
Halloc - min,1.48765,1.45974,1.52707,1.54029,1.50678,1.51654,1.5352,1.53165,1.45942,1.55318,1.53478,1.51194,1.52758,1.4985,1.45222,1.4905,1.54477,1.53155,1.6297,1.51091,1.50688,1.47491,1.4879,1.48781,1.48461,1.54358,1.44886,1.50416,1.49622,1.50624,1.46976,1.45568,1.49882,1.52742,1.46528,1.53798,1.47478,1.48234,1.50554,1.52816,1.52269,1.49709,1.47674,1.54157,1.48349,1.52102,1.4505,1.44976,1.48042,1.47773,1.45165,1.57782,1.53306,1.55142,1.46304,1.50112,1.54362,1.51277,1.47574,1.46314,1.48026,1.5368,1.5016,1.46678,1.5064,1.55843,1.50144,1.50451,1.49389,1.47446,1.50326,1.47622,1.53878,1.49472,1.48371,1.5568,1.51776,1.52192,1.52547,1.50349,1.50733,1.49149,1.54704,1.4831,1.50576,1.49565,1.45136,1.47126,1.46173,1.52125,1.55533,1.55312,1.50218,1.50742,1.52438,1.49104
Halloc - max,2.91376,2.91734,2.70406,2.90227,3.03098,3.00986,2.98864,3.03005,2.88659,2.76326,2.85533,2.8385,2.84714,2.74083,2.98122,2.85734,2.96362,2.79091,2.8369,2.80208,2.89971,2.86192,2.85226,2.94314,2.84682,2.71709,2.91734,2.98288,2.92781,2.88579,2.94051,2.77862,2.79453,2.93859,2.85123,2.8864,2.88771,2.84362,2.96998,2.80032,2.91638,2.93574,2.84026,2.87478,2.90454,2.9497,2.8951,2.77523,2.94291,2.95334,2.99056,2.75245,2.80387,2.92518,2.76198,2.90989,2.94906,2.90656,2.87264,2.69606,2.88038,2.88506,2.93882,2.87942,3.20038,2.8249,2.84086,2.84662,2.88819,2.86614,2.71315,2.84269,2.88086,2.93283,2.91395,2.89661,2.91264,2.94122,2.87037,2.93318,2.8633,2.86298,2.6855,2.89914,2.90227,2.85008,2.94051,2.92298,2.90547,2.97642,2.97818,2.89555,2.81635,2.85414,3.02371,2.76384
Halloc - median,1.71133,1.71466,1.70211,1.70413,1.70733,1.7144,1.71462,1.71197,1.7023,1.70333,1.71526,1.71126,1.70906,1.71482,1.71987,1.70531,1.71501,1.6983,1.71302,1.70768,1.70762,1.70925,1.69498,1.72166,1.71302,1.70685,1.70026,1.71283,1.71674,1.69942,1.71219,1.70746,1.7057,1.70474,1.69677,1.70832,1.7009,1.71203,1.71539,1.70566,1.71542,1.70682,1.70979,1.7241,1.70682,1.71638,1.71613,1.7185,1.7135,1.69821,1.70758,1.70515,1.7128,1.72259,1.7129,1.71206,1.71622,1.71418,1.70973,1.71917,1.70774,1.69536,1.71974,1.71306,1.70275,1.71379,1.70448,1.71923,1.71363,1.71872,1.71133,1.70112,1.71648,1.71258,1.71293,1.72576,1.70106,1.69853,1.69613,1.70669,1.71763,1.7185,1.70163,1.69805,1.7232,1.70144,1.70781,1.70931,1.70067,1.69494,1.71562,1.71536,1.70278,1.69859,1.71728,1.70339
Ouroboros-P-S - mean,0.0763129,0.063319,0.069353,0.0667962,0.063481,0.0665549,0.0647552,0.0759949,0.0665511,0.068599,0.0644499,0.0658087,0.067575,0.0662061,0.0714547,0.0654976,0.0670701,0.0663897,0.066281,0.0665805,0.0660986,0.065696,0.0630202,0.0638695,0.0693638,0.0742343,0.0652403,0.0664768,0.0700218,0.0653959,0.0646554,0.0643264,0.0704576,0.0695943,0.0666752,0.0652909,0.0688807,0.0647034,0.0686067,0.0643469,0.0683405,0.0659097,0.0667341,0.0694675,0.0722695,0.0692474,0.0651552,0.0649555,0.0648698,0.0663059,0.107215,0.109005,0.106316,0.10985,0.10967,0.10446,0.107625,0.107224,0.107367,0.107528,0.107793,0.109185,0.11245,0.106056,0.10743,0.106741,0.103818,0.109479,0.114273,0.10825,0.105023,0.105538,0.107153,0.10486,0.109853,0.105594,0.106906,0.106127,0.106891,0.106973,0.107955,0.106351,0.105874,0.107688,0.106518,0.107786,0.111118,0.111583,0.11103,0.105329,0.107744,0.10609,0.117164,0.107137,0.10527,0.108587
Ouroboros-P-S - std_dev,0.461188,0.373418,0.386226,0.385013,0.372286,0.387823,0.370108,0.39603,0.387104,0.389044,0.377516,0.385791,0.390173,0.389163,0.425935,0.390216,0.392944,0.389176,0.388849,0.385357,0.388276,0.396408,0.376857,0.376071,0.390788,0.446407,0.372902,0.389221,0.400016,0.380608,0.388835,0.373838,0.374569,0.395819,0.391924,0.389776,0.389456,0.37722,0.382202,0.376027,0.387477,0.386222,0.375346,0.391639,0.380305,0.392434,0.375702,0.384696,0.388607,0.387941,0.672491,0.685366,0.665622,0.671938,0.669257,0.66057,0.671784,0.673584,0.673475,0.663564,0.659003,0.683136,0.675283,0.673142,0.673663,0.669776,0.643229,0.675366,0.672864,0.667568,0.656824,0.667105,0.678897,0.659835,0.670899,0.675091,0.656964,0.669176,0.672162,0.669532,0.679798,0.67221,0.672555,0.672946,0.670059,0.672661,0.668922,0.688262,0.677505,0.671379,0.675881,0.661392,0.732332,0.670589,0.65569,0.674793
Ouroboros-P-S - min,0.009216,0.007904,0.008224,0.007424,0.007584,0.008192,0.007744,0.009024,0.007136,0.007168,0.006784,0.007552,0.008192,0.007648,0.008224,0.0072,0.007584,0.008192,0.007584,0.008192,0.008064,0.007552,0.00816,0.008352,0.00752,0.007616,0.00816,0.008224,0.007616,0.007584,0.00752,0.008256,0.009088,0.00832,0.008384,0.007616,0.008224,0.007584,0.007008,0.006944,0.008192,0.007648,0.007584,0.008192,0.009056,0.00768,0.006912,0.006912,0.008224,0.008192,0.0072,0.008224,0.00848,0.008192,0.00816,0.007072,0.00736,0.007424,0.007712,0.008256,0.0064,0.007328,0.006848,0.006624,0.008256,0.0072,0.008256,0.008096,0.00704,0.007744,0.00848,0.008064,0.008064,0.007456,0.0072,0.007264,0.006784,0.007616,0.008096,0.008,0.008384,0.006624,0.00816,0.007872,0.007584,0.008192,0.008224,0.008416,0.008192,0.007552,0.007616,0.007808,0.006752,0.008384,0.009184,0.007616
Ouroboros-P-S - max,3.30461,2.67712,2.77037,2.7617,2.66941,2.78122,2.65536,2.84317,2.77613,2.7895,2.70694,2.76618,2.79843,2.79027,3.0528,2.79696,2.81757,2.79034,2.78813,2.7639,2.78394,2.84054,2.70099,2.69629,2.80166,3.19882,2.67536,2.79091,2.86954,2.72954,2.7865,2.68109,2.69101,2.83869,2.81005,2.79366,2.79331,2.70512,2.7439,2.69632,2.77914,2.76928,2.69235,2.80963,2.73411,2.81325,2.69488,2.75773,2.78509,2.78147,4.81453,4.9065,4.7656,4.81197,4.79136,4.72838,4.81005,4.82224,4.82147,4.75133,4.72054,4.89101,4.83936,4.81802,4.82294,4.7951,4.60627,4.83686,4.82349,4.78109,4.70275,4.77523,4.85939,4.72362,4.80602,4.83123,4.70547,4.7903,4.81197,4.79357,4.8665,4.81178,4.81373,4.81802,4.79686,4.81635,4.79344,4.92899,4.85059,4.80496,4.83882,4.73578,5.24342,4.80118,4.69504,4.83155
Ouroboros-P-S - median,0.010048,0.009024,0.009088,0.009088,0.009024,0.009088,0.009056,0.015328,0.009056,0.009024,0.009088,0.009056,0.00912,0.009088,0.009056,0.009056,0.009088,0.008352,0.009056,0.009056,0.009024,0.009056,0.009056,0.009056,0.009056,0.009024,0.009344,0.009056,0.009088,0.009056,0.009056,0.009088,0.015552,0.009088,0.009184,0.009056,0.009056,0.009056,0.014208,0.009056,0.009056,0.009024,0.009056,0.009056,0.015872,0.009088,0.009056,0.009024,0.009056,0.009056,0.009056,0.009088,0.009088,0.009088,0.009056,0.008288,0.009088,0.009248,0.009088,0.009056,0.00912,0.008384,0.015648,0.009056,0.009056,0.009056,0.00912,0.00912,0.019072,0.014816,0.009152,0.009056,0.009024,0.008256,0.014336,0.009056,0.009056,0.009024,0.009056,0.009056,0.009088,0.009056,0.009056,0.009056,0.009056,0.009088,0.015616,0.009152,0.009056,0.009024,0.009056,0.009088,0.013952,0.009152,0.009376,0.009056
RegEff-CFM - mean,62.8777,58.5514,57.9482,63.0815,60.3513,65.7585,61.8701,59.237,63.1241,60.8624,59.8102,59.7823,61.3311,59.6182,59.5881,57.9116,61.0115,64.8082,62.5839,62.9924,58.5741,60.1316,62.0604,65.9054,61.0881,63.7293,59.6857,60.3635,60.7598,68.3631,60.1015,60.1683,60.6318,64.7165,59.7928,61.5391,62.025,62.2079,60.1794,61.994,62.4123,62.7542,63.9628,65.0225,62.9611,64.0726,60.3182,63.3486,59.1418,68.3217,67.7153,69.9247,70.1291,72.5163,70.1919,67.7864,68.9113,71.352,68.5227,68.5908,69.5636,68.1879,67.3524,68.7043,71.2337,65.3287,67.6685,70.858,70.3335,66.611,69.9349,67.3032,65.929,69.6074,67.9939,70.3433,67.1709,68.9189,68.3935,67.57,67.0591,67.3099,69.8149,70.7721,66.6785,69.4258,72.5328,70.2447,69.2829,67.1797,70.8757,67.5147,70.1263,69.0595,68.4925,72.5994
RegEff-CFM - std_dev,22.2321,22.3757,18.2033,22.3903,19.3118,24.1087,20.0406,19.3034,22.4519,19.4828,17.5051,20.3423,18.1946,21.8361,18.8086,19.9586,20.3837,17.3954,20.7979,20.4393,20.3328,20.8499,18.0404,21.6156,16.7452,19.4207,19.6645,18.9646,19.7005,20.0198,17.7761,17.6929,20.7889,18.5975,21.1837,19.3497,20.3694,19.0865,18.9058,18.5745,20.6381,18.0268,19.4004,21.8529,17.875,23.7471,17.2896,21.2894,17.6021,18.1624,13.6958,18.3065,14.6998,14.4041,16.5225,16.3085,17.6692,17.4762,15.1694,15.2817,15.9628,15.3527,14.1234,16.1855,18.0689,13.8239,16.8043,17.6095,14.366,16.5613,15.7476,16.2419,17.4042,16.1065,16.1825,17.2443,17.741,14.3842,16.3921,15.9548,14.7908,14.5654,16.3532,16.7964,15.4325,18.7086,17.3185,15.6875,17.0468,12.1259,20.2765,17.5629,16.0833,15.8758,17.3475,17.0621
RegEff-CFM - min,0.237728,0.243424,0.24704,0.2624,0.241536,0.259328,0.262688,0.260128,0.260544,0.254272,0.252096,0.258208,0.253824,0.250976,0.239808,0.24144,0.235712,0.253216,0.228512,0.228672,0.259328,0.233408,0.265024,0.236992,0.243712,0.267264,0.257312,0.23088,0.231008,0.25824,0.254752,0.259584,0.2408,0.252256,0.241632,0.245728,0.247104,0.260384,0.255584,0.259264,0.25776,0.26432,0.259616,0.250976,0.260928,0.236672,0.233952,0.234688,0.252448,42.6207,44.4817,43.4266,49.8388,46.5078,39.5051,39.8141,46.6256,46.6408,44.6426,44.9039,46.7718,39.1644,44.5733,44.6034,43.7924,41.9343,40.764,44.6892,51.1232,45.8777,41.9106,49.8763,42.2464,38.7469,47.1426,46.8111,40.7556,40.7436,37.2412,44.4349,39.4018,41.9347,37.072,42.6887,40.0651,42.7309,49.5889,46.662,41.8388,48.0847,48.6512,40.8454,40.6084,39.5784,44.0059,40.526
RegEff-CFM - max,118.7,93.82,105.743,112.133,93.9379,112.85,115.672,94.5326,118.406,93.5138,97.8768,115.017,108.587,111.919,93.3497,95.8822,115.422,102.759,106.079,106.747,113.201,111.555,95.0046,108.725,88.4053,100.923,100.63,97.9046,108.273,107.663,107.22,106.576,119.509,111.358,112.607,111.51,105.493,91.8958,105.732,91.7424,105.422,110.94,111.61,118.472,95.0159,123.498,91.8436,105.468,94.0573,111.208,95.9715,117.259,110.889,106.091,114.081,112.37,112.829,119.69,104.31,99.9973,121.969,103.408,106.683,118.239,114.987,99.9893,116.449,118.989,111.95,113.346,111.183,110.295,118.041,106.863,117.175,109.109,143.29,115.993,117.391,116.737,102.887,107.243,108.269,109.894,101.8,121.581,120.619,103.654,114.613,93.7425,125.197,122.312,103.811,102.854,121.625,111.467
RegEff-CFM - median,59.8179,60.096,54.3597,63.6824,59.1492,65.1641,54.4195,55.28,59.7962,57.0966,55.2042,57.2218,62.4589,55.6604,56.665,53.5804,56.1556,64.5252,61.4765,58.2676,53.8623,54.571,55.6559,66.1433,60.2413,57.4108,59.4498,60.043,55.3585,71.5626,56.7566,54.6078,58.1507,60.3024,56.2229,55.1605,63.1792,56.1518,54.4044,60.3013,59.3138,56.1824,67.1673,55.2413,62.8764,63.6555,57.142,59.0434,54.0708,64.8088,66.984,71.9252,69.1621,75.0291,68.0175,66.0172,63.3771,71.3651,68.5473,68.5046,67.8775,67.3597,66.6549,67.4275,69.5703,62.5707,66.2453,72.3452,70.7157,60.9917,71.6454,59.474,60.8823,69.5508,62.3076,68.9472,63.6722,68.3046,66.453,64.6637,67.4289,67.3618,68.973,71.8802,66.4423,67.6064,70.6713,70.2575,67.6315,66.0724,62.7721,62.8197,70.3907,69.1309,67.2221,70.1968
Ouroboros-P-VA - mean,0.070825,0.068697,0.0689613,0.0706195,0.0701517,0.0723245,0.27919,0.0691565,0.300863,0.0693171,0.070608,0.0706886,0.0705549,0.0721856,0.0715239,0.174714,0.0707207,0.326129,0.0710112,0.0704787,0.179364,0.0686029,0.305711,0.0706714,0.235624,0.0760826,0.069648,0.069641,0.248445,0.070368,0.0705747,0.313713,0.0699456,0.265235,0.0706822,0.0697165,0.0758195,0.0669504,0.070272,0.294207,0.0701421,0.07232,0.0697178,0.069513,0.0686944,0.0714035,0.0708979,0.0703379,0.0705997,0.069177,0.110133,0.108234,0.109674,0.112797,0.109505,0.110497,0.108154,0.275097,0.1103,0.10922,0.107635,0.294716,0.11046,0.282219,0.111578,0.110688,0.109864,0.280385,0.108411,0.109652,0.109961,0.11009,0.111821,0.111094,0.113234,0.110246,0.123377,0.106571,0.110548,0.111702,0.109155,0.107668,0.110467,0.109907,0.110232,0.110824,0.108847,0.113279,0.110783,0.109679,0.114131,0.109928,0.109692,0.118061,0.113184,0.110256
Ouroboros-P-VA - std_dev,0.394191,0.397373,0.386276,0.394939,0.40112,0.39457,1.86713,0.391898,2.02327,0.394388,0.396188,0.412814,0.394989,0.405215,0.400532,1.13707,0.395932,2.20151,0.399241,0.399783,1.16933,0.381839,2.05579,0.394755,1.56151,0.39574,0.393567,0.397695,1.65403,0.3939,0.394467,2.11193,0.393925,1.7712,0.396426,0.399634,0.398575,0.384386,0.395934,1.9756,0.393775,0.413678,0.393169,0.402893,0.388691,0.408337,0.398473,0.395435,0.406597,0.390399,0.670964,0.665968,0.673619,0.68246,0.665781,0.671327,0.661069,1.83631,0.674187,0.67272,0.658967,1.97169,0.674175,1.88669,0.6736,0.684768,0.675493,1.87248,0.660353,0.679404,0.674666,0.673601,0.676888,0.681882,0.679414,0.67466,0.73519,0.660511,0.672363,0.675133,0.66769,0.665379,0.67471,0.675521,0.6714,0.671932,0.662988,0.678161,0.680909,0.66016,0.688912,0.676059,0.678013,0.699826,0.694748,0.67511
Ouroboros-P-VA - min,0.010144,0.010656,0.011616,0.010656,0.010752,0.010368,0.010432,0.009696,0.010624,0.010496,0.010688,0.010464,0.010592,0.010688,0.010592,0.01072,0.01072,0.010592,0.0104,0.011616,0.011264,0.010784,0.010432,0.010752,0.011712,0.011776,0.010656,0.010624,0.0104,0.010848,0.010528,0.010656,0.010688,0.010112,0.010784,0.010688,0.012032,0.00912,0.010528,0.010688,0.01088,0.011456,0.010528,0.010656,0.010656,0.010624,0.010656,0.010688,0.01152,0.010528,0.011456,0.010624,0.011008,0.010688,0.011296,0.011584,0.010656,0.01168,0.0112,0.010592,0.011328,0.011488,0.010496,0.011712,0.010624,0.011648,0.010688,0.01168,0.010496,0.011136,0.01104,0.010528,0.010464,0.010592,0.011008,0.010816,0.014112,0.010304,0.010592,0.011392,0.010816,0.010784,0.0104,0.011584,0.010656,0.011136,0.011584,0.011072,0.010464,0.01072,0.010752,0.010656,0.011392,0.01408,0.01072,0.011264
Ouroboros-P-VA - max,2.82992,2.8503,2.7728,2.8351,2.87795,2.83248,13.3491,2.81238,14.4637,2.82998,2.84378,2.96038,2.83533,2.90858,2.87514,8.13421,2.84211,15.7367,2.8656,2.86893,8.36467,2.74128,14.6962,2.83386,11.1662,2.84605,2.82451,2.85347,11.8266,2.82752,2.83162,15.0972,2.82736,12.6636,2.84554,2.8671,2.86339,2.75763,2.84173,14.1234,2.8265,2.96803,2.82182,2.88976,2.78947,2.9297,2.86006,2.83821,2.91677,2.80186,4.80678,4.76998,4.82496,4.88995,4.76989,4.80963,4.73558,13.1292,4.82957,4.81795,4.72038,14.0965,4.82963,13.4891,4.82662,4.90406,4.83827,13.3878,4.73082,4.86547,4.83254,4.82522,4.84992,4.88419,4.86758,4.83283,5.2697,4.73014,4.81696,4.83747,4.78291,4.76531,4.83338,4.83853,4.80995,4.81424,4.74973,4.86035,4.87709,4.73046,4.93642,4.8423,4.85578,5.0168,4.97632,4.836
Ouroboros-P-VA - median,0.01216,0.011872,0.012736,0.0128,0.012128,0.012832,0.011904,0.012192,0.011776,0.012,0.012288,0.011872,0.012512,0.012288,0.012896,0.012224,0.012288,0.011712,0.012448,0.012896,0.012128,0.012288,0.011712,0.012864,0.01248,0.018816,0.012,0.012352,0.011968,0.012384,0.01232,0.011808,0.012736,0.012096,0.012768,0.011872,0.01792,0.011936,0.012384,0.01184,0.012928,0.012512,0.012576,0.011968,0.01232,0.012224,0.012064,0.012096,0.012384,0.011936,0.012736,0.012576,0.012288,0.015072,0.0128,0.013024,0.012608,0.012928,0.012768,0.012,0.012832,0.01296,0.012896,0.012704,0.012832,0.01296,0.0128,0.012928,0.012768,0.012672,0.012896,0.012064,0.012736,0.012128,0.012672,0.012736,0.018944,0.012416,0.012672,0.012896,0.012416,0.012672,0.012832,0.012736,0.012704,0.012544,0.012736,0.018656,0.01264,0.012768,0.012896,0.01264,0.01296,0.018624,0.012608,0.012896
ScatterAlloc - mean,0.966833,0.966559,0.940108,0.956422,0.953071,0.938022,0.94958,0.950884,0.956615,0.947277,0.975448,0.967115,0.968695,0.972299,0.895179,0.894582,0.898266,0.898884,0.844129,0.865092,0.868212,0.83125,0.903026,0.897452,0.885332,0.891659,0.850445,0.868974,0.857536,0.849204,0.911354,0.906908,0.907226,0.909013,0.899731,0.902131,0.908504,0.908687,0.897976,0.885973,0.886506,0.902796,0.913106,0.90051,0.905719,0.905448,10.9381,10.8873,10.9422,10.9412,17.747,17.7795,17.7759,17.7691,17.7661,17.7733,17.7713,17.7664,17.7725,17.7727,17.7728,17.7769,17.7773,17.7747,17.7782,17.7729,17.7689,17.7711,17.7764,17.7711,17.7722,17.7809,17.7751,17.7701,17.7698,17.7753,17.7717,17.9239,17.9215,17.9241,17.9209,17.9219,17.9295,17.919,17.9228,17.9244,17.926,17.9197,17.9236,17.9182,17.9267,17.9184,17.9214,17.9212,17.919,17.9215
ScatterAlloc - std_dev,0.168695,0.168264,0.175273,0.185949,0.172581,0.170839,0.167138,0.165411,0.167913,0.170901,0.182231,0.180902,0.178925,0.176265,0.199282,0.194416,0.197034,0.192376,0.172196,0.189889,0.183331,0.165449,0.196323,0.198475,0.191178,0.192454,0.166473,0.184337,0.172046,0.163316,0.201329,0.199604,0.197409,0.202684,0.189695,0.188133,0.198083,0.201052,0.192916,0.190395,0.188874,0.198874,0.203577,0.196647,0.199257,0.19593,0.0201658,0.0208295,0.0186915,0.0201103,0.0302952,0.0482717,0.0321632,0.0278196,0.0370727,0.0351919,0.0377745,0.0401414,0.0359454,0.0407427,0.0337256,0.0346667,0.0304955,0.0368786,0.0322851,0.0390314,0.0315406,0.0433797,0.0336087,0.0371734,0.0354815,0.033166,0.0392744,0.037534,0.0391389,0.0363897,0.0340319,0.0351206,0.0306753,0.0352964,0.0379644,0.0318387,0.0417186,0.0342256,0.0326113,0.0358147,0.027052,0.0313097,0.0339369,0.0378024,0.036376,0.0272325,0.0296175,0.0332217,0.0312869,0.0286539
ScatterAlloc - min,0.33104,0.331456,0.329408,0.317152,0.322208,0.324512,0.332608,0.336352,0.326144,0.334976,0.3296,0.328544,0.331552,0.336704,0.311264,0.307232,0.309728,0.313472,0.314336,0.313664,0.310848,0.312928,0.302752,0.303904,0.303936,0.309248,0.310688,0.31024,0.317376,0.317056,0.308864,0.314496,0.3128,0.31184,0.312352,0.299584,0.299072,0.31392,0.30688,0.311072,0.305792,0.304224,0.309856,0.31408,0.311136,0.307392,10.8865,10.8483,10.9097,10.8925,17.6946,17.7194,17.689,17.7096,17.6924,17.7076,17.6816,17.6458,17.6859,17.6764,17.7076,17.6893,17.7299,17.6949,17.7107,17.7189,17.7087,17.6901,17.7086,17.691,17.7086,17.7101,17.6956,17.7008,17.6564,17.6987,17.7057,17.8493,17.8561,17.8563,17.8434,17.8552,17.8538,17.8503,17.8398,17.8593,17.8575,17.8368,17.8738,17.8361,17.8516,17.8552,17.872,17.8376,17.8378,17.8664
ScatterAlloc - max,1.30189,1.34157,1.33101,1.34541,1.2945,1.332,1.31088,1.3561,1.31491,1.36358,1.36029,1.35293,1.34925,1.32646,1.2689,1.20461,1.30298,1.23968,1.18483,1.25971,1.2209,1.16922,1.26867,1.28682,1.28038,1.21779,1.18077,1.20931,1.19837,1.07971,1.32051,1.29885,1.2239,1.27795,1.26506,1.21792,1.26115,1.33405,1.2551,1.20013,1.24272,1.34378,1.2983,1.29552,1.27475,1.23107,10.9733,10.934,10.9771,10.9958,17.8154,17.9606,17.8739,17.8279,17.8537,17.8848,17.8893,17.9086,17.8592,17.9306,17.8409,17.8875,17.8644,17.8752,17.8373,17.9378,17.8626,17.9512,17.8945,17.9051,17.8624,17.8628,17.9198,17.9065,17.8726,17.9069,17.8971,18.0375,18.0025,18.0454,18.0588,18.024,18.0628,18.0013,18.0144,18.0578,18.002,18.0128,18.0688,18.0303,18.074,17.9861,17.9882,18.0138,18.0303,17.9827
ScatterAlloc - median,0.983296,0.982208,0.950176,0.962464,0.952224,0.953856,0.953632,0.968576,0.964992,0.958656,0.972736,0.958688,0.971712,0.97392,0.965696,0.969568,0.971968,0.977024,0.867456,0.87968,0.944512,0.856032,0.974528,0.96944,0.968448,0.962656,0.89008,0.923008,0.893568,0.884192,0.97424,0.971104,0.974752,0.969216,0.975136,0.974336,0.985408,0.970912,0.95824,0.95232,0.965088,0.964448,0.982272,0.969472,0.987744,0.983264,10.9357,10.8911,10.9447,10.9442,17.7488,17.7634,17.7806,17.7621,17.7714,17.7716,17.7782,17.767,17.7706,17.7737,17.7751,17.7773,17.7758,17.7726,17.7763,17.7754,17.7706,17.7765,17.7768,17.7718,17.7727,17.7856,17.7732,17.7717,17.7679,17.7759,17.7759,17.9289,17.9198,17.927,17.9211,17.9221,17.9307,17.9229,17.9256,17.9219,17.9301,17.9235,17.9223,17.918,17.9219,17.9215,17.9147,17.9266,17.9199,17.9236
Ouroboros-P-VL - mean,0.259958,0.0705523,0.0692339,0.0737581,0.0733331,0.0746733,0.342006,0.072569,0.0704134,0.0761984,0.0718541,0.0718534,0.253837,0.0729056,0.0703904,0.077497,0.0722247,0.0711609,0.0709005,0.0716871,0.295731,0.0781229,0.070247,0.0714739,0.0697382,0.0703373,0.273373,0.0716813,0.0740813,0.0702541,0.0710278,0.0713549,0.0737222,0.0714413,0.0717722,0.0717542,0.0717005,0.070151,0.0713178,0.0712045,0.0707635,0.255187,0.261829,0.073465,0.275626,0.0708211,0.0722586,0.195083,0.0736749,0.0876365,0.111549,0.109709,0.280861,0.112503,0.111563,0.11631,0.304781,0.109523,0.111816,0.110383,0.111066,0.110019,0.110408,0.143183,0.111729,0.110844,0.126804,0.109795,0.110276,0.110896,0.342122,0.11196,0.324392,0.109475,0.111043,0.117674,0.111283,0.11144,0.110712,0.31675,0.111499,0.110302,0.11082,0.110764,0.111756,0.110125,0.10882,0.110264,0.10887,0.160039,0.113156,0.308934,0.110301,0.110699,0.115557,0.112295
Ouroboros-P-VL - std_dev,1.70359,0.37901,0.370639,0.374558,0.389175,0.37744,2.27307,0.380652,0.379676,0.383757,0.378922,0.378218,1.65938,0.375877,0.379539,0.385738,0.38231,0.36781,0.382316,0.37827,1.95141,0.381191,0.369493,0.376959,0.371916,0.367036,1.79099,0.374254,0.388642,0.366858,0.376745,0.380745,0.382272,0.372447,0.379157,0.383748,0.378898,0.379506,0.363746,0.3764,0.372223,1.67332,1.71459,0.377288,1.81627,0.37329,0.381312,1.23617,0.380753,0.43877,0.650747,0.64556,1.84925,0.651482,0.65576,0.657378,2.0183,0.646902,0.646595,0.634762,0.649964,0.649542,0.649073,0.885199,0.648387,0.660861,0.717631,0.650152,0.640323,0.657611,2.28052,0.652285,2.15663,0.641229,0.645862,0.6781,0.650274,0.658893,0.649673,2.10015,0.650051,0.654282,0.648612,0.652288,0.652615,0.648425,0.650595,0.647825,0.643957,0.991672,0.647994,2.04079,0.650861,0.657243,0.65056,0.645943
Ouroboros-P-VL - min,0.01488,0.013056,0.014208,0.011456,0.013696,0.01376,0.013632,0.0144,0.014176,0.015232,0.01424,0.013824,0.013632,0.014304,0.013664,0.012896,0.01376,0.013248,0.014432,0.013824,0.01408,0.014528,0.01376,0.013696,0.013568,0.014176,0.01344,0.012512,0.013888,0.013536,0.013824,0.013984,0.013248,0.014336,0.014464,0.013536,0.013952,0.013568,0.013408,0.013696,0.01392,0.013888,0.014048,0.014176,0.013568,0.014048,0.01376,0.014112,0.014112,0.01552,0.013376,0.013888,0.01424,0.013216,0.013856,0.01408,0.014816,0.01424,0.014208,0.013824,0.014208,0.014784,0.014528,0.01424,0.01424,0.014496,0.015968,0.01408,0.014336,0.013984,0.013728,0.014112,0.014272,0.013696,0.013216,0.014144,0.013248,0.014208,0.013312,0.014304,0.013856,0.013984,0.014656,0.014016,0.0144,0.013504,0.014112,0.01392,0.013792,0.014304,0.014816,0.013952,0.01344,0.013856,0.01488,0.013952
Ouroboros-P-VL - max,12.1851,2.72358,2.66368,2.69555,2.79738,2.71363,16.2535,2.73699,2.7281,2.7624,2.72419,2.71926,11.8695,2.70371,2.72714,2.77616,2.74826,2.6457,2.74707,2.71946,13.9556,2.74608,2.65658,2.71005,2.67309,2.63949,12.8103,2.6913,2.79443,2.63814,2.70816,2.73648,2.74896,2.6784,2.72573,2.75789,2.72384,2.72666,2.61734,2.70589,2.67613,11.9684,12.264,2.71117,12.9895,2.68374,2.74138,8.84819,2.73757,3.15878,4.66659,4.62858,13.2256,4.67274,4.70179,4.71594,14.4329,4.63779,4.63786,4.5528,4.66074,4.65677,4.65389,6.33952,4.6503,4.73686,5.15008,4.6608,4.59245,4.71414,16.3058,4.67738,15.4208,4.59795,4.6319,4.86419,4.66307,4.72362,4.6583,15.0178,4.66154,4.69024,4.65101,4.6767,4.6799,4.64902,4.66298,4.64493,4.61648,7.10166,4.64867,14.5945,4.66624,4.71133,4.66941,4.63366
Ouroboros-P-VL - median,0.016544,0.016032,0.015936,0.021632,0.016448,0.016704,0.015872,0.016832,0.015648,0.021856,0.017024,0.016256,0.016096,0.016832,0.015584,0.019232,0.015936,0.017344,0.01568,0.016128,0.016256,0.022528,0.016,0.015968,0.016064,0.016576,0.016032,0.016896,0.017056,0.016352,0.016224,0.01584,0.015584,0.016736,0.016256,0.015712,0.016192,0.015456,0.018528,0.015808,0.016224,0.015488,0.016544,0.01584,0.015264,0.015968,0.01664,0.015872,0.015968,0.022912,0.016096,0.016096,0.015808,0.017088,0.01584,0.018816,0.015968,0.016224,0.017248,0.016384,0.016576,0.016416,0.01728,0.015648,0.017216,0.01616,0.023104,0.015808,0.01712,0.015968,0.015712,0.016128,0.015712,0.01584,0.016512,0.021088,0.016096,0.016128,0.016,0.016,0.01648,0.015872,0.016288,0.016064,0.016384,0.015936,0.015744,0.01584,0.015616,0.016224,0.01696,0.01584,0.015712,0.015776,0.02224,0.01712
Ouroboros-C-VA - mean,7.08439,7.12283,7.05601,7.08096,7.05501,7.0641,7.26036,7.16608,7.22924,7.32971,7.06265,7.13144,7.09748,7.12547,7.28818,7.13403,7.10981,7.06855,7.10549,7.21126,7.32455,7.27815,7.07226,7.11949,7.11471,7.12999,7.15992,7.29693,7.10815,7.10241,7.14536,7.10035,7.13901,7.18515,7.13543,7.16178,7.29831,7.29232,7.09169,7.14836,7.11789,7.17674,7.33864,7.15183,7.12644,7.1907,7.21844,7.28274,7.15496,7.22233,14.006,14.1107,14.2484,14.0316,14.0944,14.0354,14.2448,14.0781,14.0172,14.0479,14.2059,14.0985,14.1492,14,14.1656,14.0579,14.1873,14.1466,14.0191,14.012,14.0625,14.1179,14.0518,14.0717,14.233,14.1496,14.237,14.2377,14.2693,14.154,14.1256,14.3683,14.2778,14.3226,14.0944,14.1662,14.2462,14.3921,14.4246,14.1822,14.1999,14.294,14.2565,14.2618,14.2505,14.2167
Ouroboros-C-VA - std_dev,0.108666,0.442269,0.0921711,0.106833,0.0856676,0.103144,1.42993,0.603259,1.20745,1.78362,0.110558,0.116427,0.0941689,0.117348,1.44068,0.11912,0.102612,0.101031,0.168299,0.613859,1.41241,1.51892,0.111377,0.100351,0.0960403,0.107263,0.283821,1.37329,0.11059,0.108098,0.122028,0.115816,0.0899702,0.112468,0.10608,0.1135,1.36422,0.771874,0.121694,0.113987,0.10513,0.103608,1.5022,0.129048,0.101627,0.145511,0.183539,1.0047,0.13347,0.104319,0.195649,0.203424,1.53403,0.242737,0.200683,0.167802,0.330783,0.216039,0.214974,0.206465,0.28016,0.18655,0.224629,0.203338,0.201555,0.219376,0.341694,0.250125,0.208227,0.273021,0.184692,0.216406,0.222379,0.224375,0.24265,0.2416,0.276526,0.283744,0.254921,0.204505,0.210873,0.414244,0.234636,0.220152,0.172177,0.238893,0.238057,1.45653,0.437297,0.26651,0.26712,0.299245,0.209103,0.201353,0.197058,0.268813
Ouroboros-C-VA - min,6.90509,6.95677,6.9336,6.94314,6.9407,6.9136,6.94918,6.91549,6.94822,6.95824,6.95005,6.93427,6.9871,6.92528,6.92499,6.92339,6.9601,6.89622,6.95846,6.96778,6.94208,6.91798,6.91459,6.98266,6.92938,6.9872,6.99018,6.9441,6.91117,6.94989,6.89187,6.95686,7.05155,6.9833,6.93533,7.02707,6.95824,6.96739,6.91494,6.96058,6.93946,6.99533,6.9647,6.95194,6.97341,6.99088,7.0039,6.98435,6.98278,7.02912,13.66,13.6965,13.6319,13.6287,13.6957,13.7297,13.6534,13.6936,13.6698,13.7009,13.6979,13.6512,13.7386,13.6947,13.7681,13.7001,13.589,13.6831,13.6977,13.5996,13.6885,13.7657,13.706,13.6133,13.7837,13.7931,13.8449,13.816,13.8186,13.7288,13.7922,13.7633,13.8033,13.929,13.7503,13.809,13.7655,13.7319,13.8584,13.7567,13.8349,13.6968,13.8817,13.8651,13.9152,13.7693
Ouroboros-C-VA - max,7.67494,10.1996,7.58384,7.72771,7.49091,7.63395,17.2609,11.3456,15.6705,19.8092,7.73414,7.5945,7.60198,7.70288,17.3585,7.65997,7.52246,7.52038,8.21718,11.4773,17.1957,17.8992,7.59162,7.66266,7.53152,7.71302,9.0777,16.8956,7.65907,7.60237,7.6313,7.69014,7.61187,7.6225,7.50736,7.82605,16.8349,12.6318,7.76262,7.61133,7.60282,7.5673,17.8386,7.74682,7.6313,7.86054,7.95386,14.2893,7.81245,7.51942,14.5619,14.5134,24.8744,14.6325,14.5046,14.4505,14.8756,14.5465,14.5524,14.4953,14.722,14.3955,14.5433,14.4641,14.5247,14.5638,14.9085,14.7448,14.4431,14.5225,14.4204,14.5484,14.5185,14.6192,14.7029,14.7364,14.8928,14.8193,14.7181,14.6358,14.59,15.9832,14.7811,14.7665,14.5812,14.7258,14.7691,24.4658,15.9801,14.7777,14.7372,14.8388,14.52,14.662,14.7612,14.7433
Ouroboros-C-VA - median,7.07782,7.06346,7.04992,7.08474,7.03894,7.07034,7.06314,7.08867,7.05613,7.07418,7.03946,7.13523,7.08336,7.11603,7.08342,7.11347,7.10042,7.0673,7.08442,7.12272,7.12474,7.05869,7.0527,7.10726,7.11747,7.12806,7.12493,7.11142,7.09792,7.10598,7.13379,7.08742,7.11795,7.18106,7.11405,7.16486,7.09901,7.16989,7.07952,7.1305,7.11213,7.15744,7.11638,7.14778,7.12096,7.18054,7.16259,7.13613,7.1249,7.23174,13.9743,14.0847,14.0441,14.0287,14.0693,14.055,14.2304,14.0797,13.9545,14.0251,14.2348,14.0486,14.189,13.9776,14.1963,14.0443,14.1749,14.1334,13.9802,13.9349,14.0663,14.0643,13.9916,14.1092,14.2691,14.1055,14.1551,14.1953,14.2479,14.12,14.0788,14.3473,14.3374,14.2958,14.0785,14.1132,14.208,14.1559,14.3206,14.1402,14.1415,14.2757,14.348,14.3188,14.2654,14.1574
Ouroboros-C-S - mean,5.99057,5.16044,5.16944,5.15071,5.16266,5.15808,5.15128,5.15211,5.16192,5.14173,5.13929,5.14947,5.1673,5.16134,5.14637,5.15489,5.16055,5.16255,5.15601,5.16517,5.16124,5.15777,5.1599,5.14884,5.1614,5.15965,5.16204,5.16754,5.16013,5.14797,5.14966,5.14988,5.15505,5.15617,5.14773,5.1643,5.16057,5.14794,5.139,5.16056,5.14739,5.15668,5.16706,5.16037,5.15659,5.1526,5.16661,5.15924,5.15949,5.16039,9.94926,9.93271,9.96547,9.95534,9.9627,9.94457,9.96459,9.95312,9.95132,9.93999,9.92234,9.95502,9.94486,9.96132,9.94969,9.95241,9.95884,9.94436,9.93734,9.9701,9.9526,9.96062,9.95383,9.9393,9.94024,9.94329,9.95392,9.94184,9.94446,9.93595,9.94999,9.94118,9.95388,9.95096,9.97413,9.93737,9.94792,9.93531,9.96296,9.94766,9.96927,9.93133,9.94204,9.95549,9.96918,9.95018
Ouroboros-C-S - std_dev,0.699916,0.0667265,0.0584945,0.0642133,0.0676849,0.0629658,0.056821,0.0615166,0.063246,0.0645629,0.0631013,0.0752449,0.082524,0.0795742,0.0613005,0.0843215,0.0637946,0.070683,0.0543742,0.0937025,0.0666301,0.0693836,0.0644237,0.0642161,0.0776388,0.0740847,0.0644755,0.0775078,0.0665199,0.0592194,0.071222,0.0614473,0.0650271,0.0634223,0.0593056,0.0637998,0.0766435,0.0529221,0.0708016,0.0601784,0.0846219,0.0702886,0.0696401,0.0604847,0.060154,0.0525771,0.0644192,0.0604948,0.0701289,0.0610128,0.0798628,0.0780279,0.0795158,0.083224,0.077956,0.102217,0.0776925,0.107737,0.0847541,0.0874227,0.0737741,0.0841763,0.0875346,0.0962537,0.0946313,0.0748494,0.100955,0.0665548,0.0749418,0.0758333,0.0908997,0.0960197,0.0712106,0.0660789,0.0715891,0.0977704,0.0995978,0.0753657,0.0868747,0.073669,0.0921175,0.0637878,0.0941393,0.080357,0.0995574,0.0689678,0.0869745,0.0686652,0.0850517,0.0889192,0.0951882,0.075311,0.0800436,0.0865392,0.108372,0.0737513
Ouroboros-C-S - min,5.05674,5.04688,5.0441,5.02947,5.05702,5.04768,5.07302,5.00563,5.07293,4.97965,5.02118,5.05725,5.07888,5.03018,5.05203,4.99389,5.02851,5.02723,5.06502,5.04902,5.0471,5.04867,5.00275,5.06163,5.03949,5.04,5.0376,5.01309,5.02858,5.04979,5.04134,5.01315,5.01901,5.03706,5.0368,5.07219,5.04771,5.03178,5.02784,5.05158,5.03533,5.03459,5.0417,5.07638,5.04278,5.08118,5.05728,5.00074,5.05133,5.04342,9.73728,9.8007,9.84035,9.78166,9.85226,9.73398,9.79232,9.7368,9.81107,9.78794,9.82707,9.81898,9.75286,9.74278,9.72634,9.81587,9.72912,9.78077,9.77123,9.79901,9.77878,9.73488,9.81539,9.76826,9.7792,9.72406,9.79018,9.80294,9.7943,9.82032,9.75843,9.76496,9.75533,9.79334,9.7992,9.78131,9.74886,9.80896,9.81405,9.79133,9.8,9.7703,9.81027,9.76541,9.75827,9.8112
Ouroboros-C-S - max,6.80669,5.40397,5.36784,5.42915,5.37987,5.4576,5.38698,5.40445,5.44301,5.39706,5.43958,5.48682,5.64637,5.5335,5.44342,5.60957,5.40989,5.46682,5.41354,5.72819,5.43542,5.49722,5.36915,5.44595,5.55837,5.50342,5.3809,5.55808,5.49709,5.40634,5.49741,5.40099,5.40522,5.43267,5.37923,5.45603,5.56538,5.37661,5.44464,5.40592,5.55936,5.51264,5.44461,5.42922,5.44477,5.368,5.46941,5.39306,5.50202,5.40669,10.172,10.128,10.2297,10.166,10.3159,10.2102,10.1802,10.2143,10.1316,10.2177,10.1992,10.2262,10.1182,10.3084,10.2578,10.1652,10.1862,10.0864,10.1535,10.1174,10.1923,10.284,10.1309,10.112,10.0931,10.173,10.1777,10.0986,10.2756,10.1205,10.184,10.1187,10.1446,10.163,10.275,10.0829,10.1617,10.0769,10.2058,10.1545,10.2256,10.0846,10.1817,10.2404,10.2952,10.1408
Ouroboros-C-S - median,6.51165,5.14426,5.15917,5.14294,5.15539,5.15082,5.15174,5.15555,5.15712,5.13194,5.13254,5.13331,5.15658,5.1535,5.14691,5.15062,5.1583,5.16128,5.15702,5.14845,5.1559,5.152,5.164,5.13245,5.15168,5.14714,5.15942,5.16413,5.15315,5.1479,5.1296,5.15558,5.14224,5.15866,5.14899,5.15613,5.15501,5.14339,5.13386,5.16128,5.13802,5.15411,5.15555,5.15139,5.16166,5.14147,5.15878,5.15373,5.15546,5.15418,9.94176,9.91629,9.94813,9.93654,9.95661,9.94067,9.95533,9.93635,9.95373,9.93802,9.91133,9.94941,9.96237,9.96906,9.94144,9.94618,9.95981,9.95488,9.93328,9.96378,9.94032,9.95306,9.95181,9.93104,9.94819,9.92941,9.96416,9.93261,9.93613,9.92982,9.94157,9.93555,9.96083,9.93555,9.95802,9.94026,9.94051,9.93408,9.94982,9.9543,9.96938,9.93002,9.94186,9.9648,9.95923,9.93494
XMalloc - mean,7.57098,7.62376,7.5558,7.55478,7.57064,7.61989,,7.56323,7.57257,7.60386,7.58207,7.58782,7.58508,7.59781,7.57107,7.62071,7.65855,7.63245,7.62106,7.64815,7.66838,7.60117,7.61041,7.65112,7.66356,7.67024,7.637,7.60968,7.59534,7.673,7.62171,7.63564,7.65277,7.65922,7.66798,7.69024,7.66152,7.63589,7.64652,7.63666,7.65403,7.67682,7.6159,7.61398,7.67083,7.64966,7.67129,7.63122,7.79397,7.82485,7.82338,7.79654,7.72753,7.82118,7.81101,7.84026,7.82376,7.80528,7.79457,7.7745,7.82898,7.82134,7.79769,7.74634,,7.80351,7.81488,7.79097,7.81564,7.83469,7.79806,,7.78426,7.78677,7.71326,7.80109,7.82223,7.80475,7.80817,7.78743,7.74871,7.77863,7.77076,7.78456,7.77555,7.93356,7.84109,7.7782,7.77118,7.81758,7.82178,7.7719,7.76992,7.80855,7.73218,7.79294
XMalloc - std_dev,0.309346,0.341018,0.340033,0.359444,0.27309,0.334214,,0.31951,0.340123,0.316065,0.326449,0.331768,0.307623,0.329256,0.373137,0.341337,0.301593,0.324255,0.33926,0.345738,0.317066,0.308962,0.312178,0.310814,0.329892,0.337087,0.297554,0.324376,0.342911,0.3354,0.293854,0.329007,0.334789,0.36549,0.350458,0.327733,0.375805,0.342922,0.322005,0.325888,0.290618,0.336086,0.308897,0.320673,0.274889,0.357087,0.297521,0.294823,0.470213,0.482911,0.465175,0.475115,0.465512,0.476097,0.470583,0.470343,0.461349,0.469334,0.485441,0.455658,0.477558,0.483209,0.402424,0.449454,,0.471164,0.445659,0.43289,0.450488,0.443675,0.45695,,0.468205,0.468905,0.460312,0.460133,0.447478,0.495145,0.482325,0.450642,0.468488,0.50789,0.441223,0.462041,0.408234,0.48842,0.461464,0.4673,0.468523,0.473202,0.443974,0.449686,0.46687,0.494325,0.427712,0.464797
XMalloc - min,5.7736,5.57562,5.54054,5.30259,5.94886,5.556,,5.73296,5.47725,5.73594,5.69491,5.65619,5.66448,5.62826,5.23094,5.62438,5.93034,5.73235,5.59731,5.61005,5.87456,5.82694,5.68531,5.93248,5.84893,5.64371,5.88922,5.86675,5.61501,5.60694,5.82474,5.61821,5.68378,5.52742,5.54979,5.7184,5.51034,5.59594,5.74762,5.55229,5.95926,5.57811,5.80954,5.90541,6.08995,5.42778,6.0616,5.82038,4.77034,4.85757,4.81142,4.83501,4.72621,4.73024,4.82589,4.7415,4.86874,4.71312,4.70538,4.78019,4.86848,4.83542,5.23754,4.86368,,4.84035,4.9296,4.9815,4.9408,4.93139,4.96624,,4.76704,4.76035,4.69629,4.83344,4.97174,4.62736,4.68099,5.01018,4.75136,4.55152,4.90397,4.71997,5.12886,4.9257,4.85306,4.7303,4.7416,4.68736,4.97187,4.98589,4.7255,4.63405,5.03853,4.77114
XMalloc - max,8.04995,8.008,8.07946,7.9409,7.9856,7.95354,,8.0799,8.2889,8.208,8.07203,8.17338,7.92656,7.95904,8.07411,8.05888,8.12829,8,8.06656,8.06573,8.1392,8.03485,7.97498,8.15702,8.21475,8.1353,8.17786,8.20944,8.17971,8.05322,7.96035,8.03395,8.07021,8.19498,8.13632,8.11382,8.14298,8.14758,8.16499,7.9481,7.97869,8.02765,7.9679,8.16243,8.33082,8.02461,8.14528,8.0056,8.48016,8.29075,8.51677,8.30573,8.14966,8.27978,8.50547,8.2776,8.25811,8.26944,8.45232,8.2703,8.5201,8.56733,8.30864,8.19318,,8.43082,8.3951,8.24522,8.33219,8.32512,8.67184,,8.2799,8.1991,8.12506,8.24106,8.23859,8.42419,8.31984,8.46998,8.25811,8.72662,8.22304,8.13715,8.3943,8.76778,8.51539,8.24416,8.31901,8.34179,8.2496,8.66534,8.14682,8.34573,8.19738,8.18051
XMalloc - median,7.59024,7.64646,7.58714,7.60035,7.61904,7.68246,,7.63709,7.57318,7.62307,7.60358,7.60259,7.6279,7.60093,7.61002,7.65549,7.64758,7.664,7.63181,7.65821,7.7455,7.61443,7.61523,7.66877,7.69718,7.72096,7.63258,7.60906,7.63443,7.71446,7.66077,7.67443,7.66035,7.69798,7.69696,7.72371,7.69802,7.63837,7.68986,7.66461,7.70438,7.71136,7.66061,7.61856,7.69366,7.69555,7.67603,7.66483,7.8609,7.92045,7.86678,7.89242,7.80294,7.90906,7.86067,7.8985,7.87507,7.85293,7.83798,7.8047,7.86954,7.87203,7.8135,7.82032,,7.84403,7.86598,7.8337,7.86771,7.91117,7.86739,,7.85638,7.8112,7.77088,7.85872,7.83626,7.86534,7.86662,7.82202,7.8336,7.82778,7.81965,7.86304,7.78675,7.92704,7.9015,7.84502,7.86064,7.85638,7.91264,7.78976,7.82061,7.87971,7.76922,7.8632
RegEff-CF - mean,468.069,601.47,521.158,551.391,540.546,528.735,597.424,525.71,509.683,534.983,598.045,493.185,504.647,576.612,499.119,571.621,526.249,533.815,548.915,555.064,575.373,572.085,560.038,532.972,543.778,542.83,547.928,485.679,522.497,511.013,544.993,530.757,471.121,485.502,488.183,575.453,612.686,528.4,568.371,466.153,525.246,472.662,443.665,589.195,569.453,617.208,559.389,578.314,510.967,685.628,675.767,718.037,734.84,653.689,681.459,611.389,648.577,705.05,736.516,611.55,707.84,738.204,689.623,730.822,757.174,703.807,709.723,669.291,666.481,801.447,673.111,655.763,674.09,663.024,753.505,682.502,682.439,607.324,736.357,681.953,758.543,727.069,766.523,624.085,762.838,813.73,613.56,643.532,716.444,669.711,636.43,704.669,737.357,687.677,711.413,714.687
RegEff-CF - std_dev,1259.43,1470.35,1388.91,1360.52,1353.93,1409.14,1464.76,1401.14,1365.83,1426.09,1467.2,1298.73,1353.53,1426.43,1261.22,1411.62,1403.86,1423.74,1357.7,1370.79,1420.51,1411.98,1392.21,1421.89,1347.28,1342.88,1361.92,1306,1394.59,1373.57,1366.08,1417.18,1313.79,1317.82,1308.6,1436.77,1498.65,1408.68,1401.38,1237.09,1400.03,1316.39,1247.54,1448.74,1405.85,1510.91,1395.97,1422.13,1371.89,1560.53,1434.58,1531.7,1565.91,1491.1,1499.35,1432.36,1492.1,1517.32,1568,1409.29,1514.33,1574.25,1512.69,1557.34,1609.69,1503.92,1516.28,1527.33,1470.27,1599.6,1532.64,1430.81,1535.39,1466.63,1599.96,1551.17,1553.31,1435.27,1567.19,1554.34,1610.44,1549.22,1625.46,1525.98,1618.74,1625.48,1409.58,1513.08,1530.42,1524.13,1468.15,1510.32,1570.92,1560.89,1612.6,1528.21
RegEff-CF - min,4.50256,4.88598,4.61584,4.8609,4.76573,4.54147,4.58566,4.86218,4.7697,4.65402,5.01126,4.72883,4.712,4.52765,4.9737,4.63411,4.72928,4.68806,4.5217,4.68547,4.91722,4.84192,4.55587,4.53254,5.05018,4.77578,4.69126,4.84774,4.70838,4.36323,4.38448,4.53782,4.72314,4.52285,4.66634,4.47059,4.69722,4.83546,4.64128,4.38854,4.73405,4.81469,5.1487,4.66029,4.85939,4.86134,4.75242,4.74893,4.46778,4.59005,4.65578,4.81677,4.8689,5.07376,4.6936,4.86266,4.73917,4.75398,4.71926,4.83139,4.7512,5.02387,4.82365,4.64797,4.5175,5.15984,4.82099,4.58797,4.92077,4.76326,4.68038,5.00771,4.58864,4.69382,4.86179,4.97069,4.75578,5.03024,5.01766,4.63706,4.94864,5.32621,4.97683,4.95139,4.96394,4.86618,4.72285,4.73354,4.67962,5.10266,5.0041,4.67942,4.78086,4.68966,4.92003,4.52093
RegEff-CF - max,4278.02,4328.81,4366,4372.25,4305.96,4436.56,4494.92,4459.16,4424.62,4462.98,4432.11,4433.62,4464.73,4442.18,4425.9,4455.96,4434.27,4458.86,4421.37,4445.68,4438.38,4509.07,4423.72,4437.51,4427.79,4424.44,4420.73,4473.08,4413.38,4473.34,4417.86,4461.28,4486.07,4408.16,4432.89,4429.17,4463.15,4453.01,4439.84,4412.25,4452.42,4433.11,4437.94,4435.48,4431.97,4477.61,4452.77,4417.65,4447.86,4437.91,4437.56,4461.66,4444.96,4441.89,4420.92,4412.74,4459.55,4434.77,4479.08,4429.17,4441.85,4410.14,4432.26,4449.73,4385.74,4421.33,4408.61,4440.57,4423.76,4366.83,4419.19,4435.7,4451.16,4441.69,4443.72,4471.47,4432.66,4405.86,4406.21,4471.41,4417,4452.55,4491.53,4433.79,4460.56,4407.63,4466.63,4418.79,4410.9,4428.78,4442.55,4427.19,4431.15,4446.56,4469.16,4442.26
RegEff-CF - median,8.23347,8.64666,8.62355,8.48442,8.70634,8.78029,8.79491,8.80794,8.92554,8.83978,8.83712,8.88547,8.72912,8.30118,8.32006,8.30928,8.26499,8.33088,8.35693,8.34819,8.32944,8.5513,8.3001,8.30669,8.32013,8.32429,8.34413,8.32365,8.31536,8.04589,7.95523,7.87101,7.57827,8.61722,8.49408,8.38362,8.62115,8.85069,8.90522,8.95632,8.88323,8.84131,8.78352,8.86262,8.89466,8.2967,8.30723,8.31254,8.2905,8.4679,8.71456,8.7168,8.68595,8.87405,8.84298,8.87181,8.95514,8.66522,8.62947,8.27149,8.59389,7.43923,7.32003,7.54106,7.17827,8.31318,8.45763,8.51866,8.34893,7.71619,8.06931,7.97437,7.76371,8.44925,8.71542,8.61094,8.70067,8.24464,8.26096,8.2911,8.28634,8.58531,8.85238,8.71165,8.66154,8.61453,8.78854,8.87334,8.80486,8.86,8.74986,8.77667,8.86,8.25126,8.33888,8.29683
Ouroboros-C-VL - mean,6.93725,6.2618,6.25755,6.49055,6.26032,6.25454,6.53526,6.26206,6.25903,6.26646,6.25139,6.28112,6.38618,6.25745,6.25966,6.26618,6.25464,6.2501,6.24575,6.25322,6.25583,6.25667,6.26101,6.25848,6.25584,6.26978,6.27056,6.26512,6.26068,6.25067,6.24967,6.24584,6.25496,6.26469,6.25234,6.26954,6.26888,6.25162,6.26246,6.27568,6.25557,6.27409,6.25896,6.24998,6.43111,6.24765,6.25838,6.26906,6.25653,6.25289,12.1922,12.3881,12.2052,12.2081,12.184,12.1923,12.2121,12.2169,12.1958,12.1989,12.2007,12.1749,12.1734,12.1975,12.23,12.1928,12.1782,12.2013,12.1948,12.2091,12.3817,12.2502,12.3033,12.4923,12.29,12.2971,12.2764,12.3019,12.3337,12.4998,12.3046,12.2954,12.3233,12.3143,12.2981,12.3011,12.3127,12.299,12.2913,12.2974,12.3163,12.2878,12.4979,12.2976,12.2898,12.3138
Ouroboros-C-VL - std_dev,0.857511,0.0733905,0.0658338,1.67183,0.0785961,0.0692914,1.98061,0.0705165,0.063116,0.0662244,0.0683571,0.0670292,0.940498,0.078184,0.0549719,0.0651619,0.0849328,0.0784534,0.0676285,0.0631941,0.0675986,0.0722107,0.0761187,0.0669918,0.0715286,0.083801,0.0627179,0.0717253,0.0747931,0.0875902,0.0786335,0.0820844,0.0618591,0.0729198,0.0830481,0.0680233,0.0719673,0.0666575,0.0684596,0.0626359,0.0626259,0.0724429,0.0678569,0.0646382,1.26514,0.0651314,0.0609705,0.0610035,0.0658435,0.080091,0.0930633,1.25478,0.0770574,0.0951296,0.0849716,0.105288,0.100026,0.0935691,0.105535,0.0977962,0.0979506,0.0753849,0.0820886,0.0918742,0.0940356,0.09039,0.0731673,0.0896786,0.0963869,0.105764,1.2134,0.098074,0.100564,1.34671,0.10738,0.0903132,0.099394,0.0974884,0.102738,1.29082,0.0832831,0.09131,0.119389,0.103889,0.0968738,0.107238,0.0856454,0.0883806,0.0797431,0.102478,0.113068,0.0931116,1.40606,0.0853563,0.105309,0.0979962
Ouroboros-C-VL - min,6.11504,6.13763,6.13238,6.14301,6.11261,6.14493,6.11085,6.13325,6.13648,6.16387,6.14208,6.13917,6.09242,6.09386,6.17795,6.16131,6.13923,6.1129,6.1127,6.10538,6.17344,6.15626,6.16218,6.12973,6.11242,6.12381,6.15651,6.12525,6.09478,6.11094,6.14413,6.12173,6.13222,6.14909,6.13037,6.15222,6.11696,6.09725,6.15331,6.13578,6.14342,6.12822,6.11658,6.1448,6.1305,6.13366,6.13651,6.12525,6.1529,6.12275,11.9856,12.0236,12.0471,11.9907,12.0247,11.9689,11.9746,12.0485,12.0236,11.9574,11.9958,12.0187,11.9758,11.9803,12.024,12.0336,12.0028,12.004,11.9925,11.9892,12.0527,12,12.1147,12.0901,12.0506,12.1319,12.0946,12.0854,12.1602,12.0678,12.0993,12.0972,12.1148,12.0521,12.1049,12.1394,12.1567,12.1211,12.1189,12.0198,12.0724,12.0282,12.1057,12.0772,12.0232,12.1529
Ouroboros-C-VL - max,8.19226,6.59757,6.46346,18.1872,6.64058,6.50115,20.3932,6.55523,6.52054,6.54528,6.56774,6.47834,12.96,6.54493,6.48269,6.57094,6.65651,6.59437,6.51402,6.44125,6.63843,6.63549,6.63917,6.45507,6.57763,6.6847,6.45629,6.61037,6.52166,6.61283,6.58512,6.65814,6.49168,6.55091,6.69235,6.54995,6.54723,6.51776,6.57882,6.49738,6.49066,6.59882,6.43178,6.47517,15.2801,6.5544,6.39686,6.48659,6.53744,6.67875,12.3896,21.1527,12.4044,12.4406,12.3612,12.4196,12.3982,12.5848,12.4782,12.4381,12.5001,12.409,12.3969,12.4697,12.3951,12.4148,12.2972,12.4162,12.4521,12.4777,20.856,12.442,12.4873,21.8886,12.577,12.5232,12.5896,12.6234,12.5639,21.5004,12.5701,12.5273,12.7527,12.6794,12.5204,12.7017,12.4813,12.4904,12.559,12.5324,12.5592,12.4489,22.3183,12.4682,12.5357,12.5664
Ouroboros-C-VL - median,6.34112,6.24758,6.24768,6.25392,6.25043,6.24813,6.24698,6.25126,6.25779,6.25261,6.24688,6.2911,6.2551,6.2567,6.25603,6.26438,6.24022,6.24275,6.24262,6.2601,6.24416,6.2455,6.2528,6.25494,6.26032,6.26464,6.27027,6.25517,6.25885,6.24534,6.2393,6.24246,6.24518,6.24349,6.25085,6.27136,6.27347,6.25418,6.25782,6.26528,6.25987,6.27677,6.26566,6.24893,6.26141,6.24272,6.25763,6.27149,6.26083,6.24826,12.1753,12.2133,12.2066,12.1976,12.1941,12.2015,12.2159,12.2188,12.181,12.1983,12.1798,12.1675,12.1709,12.2092,12.2186,12.1786,12.1812,12.1939,12.2036,12.2059,12.2151,12.2568,12.3067,12.2866,12.2914,12.2939,12.2841,12.2978,12.325,12.3227,12.2979,12.3034,12.3056,12.3036,12.2908,12.3028,12.3132,12.3033,12.2858,12.3071,12.3252,12.2999,12.295,12.3,12.2814,12.3098
RegEff-CM - mean,24.7351,24.2531,24.6082,24.5959,24.5745,24.5715,24.6719,25.1289,24.5698,24.5844,24.586,24.0759,25.0911,24.5509,24.6594,24.6341,24.5511,25.0865,24.6049,24.6641,24.1221,24.6524,24.5904,24.6667,26.0512,24.6158,24.6076,24.9585,24.5787,25.5884,24.656,24.6472,24.5776,24.6271,24.5924,25.0716,24.6231,24.1276,24.5853,24.6133,24.6145,24.6248,24.6166,24.5942,24.5566,24.5549,24.148,24.5611,28.5512,29.0276,27.5667,30.5533,33.5312,30.5775,28.5913,28.6611,30.9066,29.0186,29.1207,31.971,28.1459,27.6441,28.5856,32.5313,28.6101,29.1108,29.0034,30.0486,28.1091,28.122,27.6937,29.5712,29.0893,31.5054,30.605,30.6541,31.4983,29.8745,29.1139,29.0986,32.0714,30.6039,28.5186,28.0276,29.0797,30.1018,31.6203,31.9477,30.168,31.9742,31.5306,29.553,29.0937,29.0327,28.5892,29.6384
RegEff-CM - std_dev,0.236056,3.42466,0.25621,0.282389,0.213201,0.221643,0.204368,3.47569,0.254926,0.24722,0.234355,3.40071,3.25782,0.258109,0.24523,0.257688,0.227467,3.46427,0.199686,0.183264,3.40307,0.215142,0.212705,0.181383,5.80651,0.215508,0.236374,3.27164,0.210831,4.82603,0.234251,0.209606,0.242122,0.292574,0.197112,3.50169,0.18075,3.40275,0.247648,0.21102,0.215827,0.1829,0.227886,0.230432,0.23778,0.274011,3.40565,0.2302,11.2116,10.3849,9.20312,12.489,16.0797,12.3945,11.1338,11.2779,12.4961,11.5419,10.5604,13.1232,9.69377,9.1988,10.1625,13.1818,10.1002,10.6075,10.431,12.2387,9.74977,9.68188,10.5074,10.9838,11.5807,14.5884,12.4962,13.4595,13.7003,12.1083,10.5228,11.5704,12.1526,12.5319,10.9119,9.62101,10.513,12.1835,12.0397,13.8542,11.263,13.9685,11.9455,10.8137,11.6033,12.3687,10.1165,12.0208
RegEff-CM - min,24.0892,0.325536,23.9389,23.6665,23.5772,23.9487,23.99,23.9998,23.9132,23.9533,23.9702,0.348896,23.9377,23.9335,23.9158,23.936,23.9354,23.8815,24.0603,24.0229,0.331776,23.9684,24.021,23.9871,23.7099,24.008,23.9411,23.1977,23.9359,23.917,23.9501,24.0099,24.0155,24.0025,23.925,23.9546,24.1104,0.345152,23.9881,24.0051,24.0988,24.2511,23.9608,23.9465,23.9287,23.6829,0.363648,23.9484,24.2477,24.1277,24.0645,24.4008,24.0915,24.3459,24.3513,24.4661,24.0636,24.0844,23.8868,24.1948,24.2847,24.2392,24.091,24.1986,24.1379,24.1322,24.0655,24.3254,24.3061,24.345,24.027,24.1175,24.1221,24.2836,24.2867,24.2681,24.4128,24.073,24.3216,24.3099,24.3597,24.2553,24.4423,24.1081,24.0707,24.0792,24.2872,24.0656,24.2675,24.1332,24.3082,24.0327,24.0032,24.2618,24.4036,24.1793
RegEff-CM - max,25.3136,25.1758,24.981,25.1932,24.8628,24.8565,25.1925,49.4218,24.8572,24.925,24.8948,24.9745,47.8447,24.8879,25.0724,25.1225,24.9589,49.2889,24.8785,25.0438,24.8202,25.0745,24.9684,24.994,49.2041,24.9428,24.9321,47.7399,25.0352,49.2143,25.0431,24.9919,24.9258,25.3454,24.8393,49.5372,24.8778,25.1597,25.1391,24.9908,25.1222,25.0053,25.0922,24.9187,25.0329,24.8908,25.0287,24.8983,73.8331,73.8507,73.7472,73.6834,98.0262,73.785,73.7589,73.8259,73.7904,73.6631,73.7208,73.7612,73.788,73.934,73.7137,73.6808,73.7661,73.6883,73.8391,73.8328,73.8855,73.692,73.8561,73.7344,73.7569,74.1054,73.8292,73.9248,74.0896,73.8565,73.8089,73.7504,73.8217,74.023,73.734,73.8284,73.8266,73.7876,73.7971,73.6691,73.7841,74.3141,73.8579,73.816,73.6998,73.7668,73.7798,73.7552
RegEff-CM - median,24.7086,24.7116,24.6965,24.6639,24.6607,24.6624,24.6786,24.668,24.697,24.6644,24.6573,24.6289,24.7082,24.648,24.6817,24.7195,24.641,24.6791,24.677,24.6914,24.6745,24.6863,24.6438,24.7007,24.6331,24.6794,24.6861,24.6588,24.6499,24.7034,24.7139,24.6876,24.655,24.663,24.6648,24.6547,24.6595,24.656,24.6484,24.6462,24.6598,24.6826,24.6811,24.6647,24.6564,24.6673,24.6933,24.6587,24.7698,24.781,24.7462,24.7578,24.8203,24.7885,24.7708,24.7952,24.8189,24.7794,24.7914,24.7894,24.8242,24.8496,24.774,24.9134,24.804,24.7719,24.7745,24.7618,24.7674,24.7819,24.7928,24.7247,24.772,24.8262,24.8304,24.824,24.8128,24.7671,24.8092,24.8098,24.9165,24.7736,24.7588,24.7641,24.8664,24.8385,24.8785,24.7817,24.8608,24.8307,24.7954,24.801,24.8005,24.7876,24.7817,24.7927
